slug	name	priorityRank	graph_version	v23	zones_geo	lots_geo	signaux	citations_pct	focus30
westmount	Westmount	1	2.3	1	159	5040	4	100	1
saint-lambert	Saint-Lambert	2	2.3	1	0	5472	0	0	1
hampstead	Hampstead	3	2.3	1	0	1866	4	100	1
mont-royal	Mont-Royal	4	2.3	1	0	5795	6	100	1
montreal-ouest	Montréal-Ouest	5	2.3	1	0	1601	1	0	1
cote-saint-luc	Côte-Saint-Luc	6	2.3	1	0	4945	1	0	1
longueuil	Longueuil	7	2.3	1	6305	67010	4	100	1
brossard	Brossard	8	none	0	0	24823	nd	nd	1
sainte-catherine	Sainte-Catherine	9	2.3	1	0	5754	16	94	1
la-prairie	La Prairie	10	2.3	1	0	9468	14	100	1
delson	Delson	11	2.3	1	0	3330	17	100	1
candiac	Candiac	12	2.3	1	0	7725	8	12	1
montreal-est	Montréal-Est	13	2.3	1	0	1678	5	100	1
boucherville	Boucherville	14	2.3	1	0	16269	9	78	1
dorval	Dorval	15	2.3	1	0	6245	13	54	1
lile-dorval	L'Île-Dorval	16	none	0	0	27261	nd	nd	1
saint-constant	Saint-Constant	17	2.2	0	0	11622	19	0	1
saint-bruno-de-montarville	Saint-Bruno-de-Montarville	18	2.3	1	0	10261	13	100	1
carignan	Carignan	19	2.3	1	0	6654	17	35	1
dollard-des-ormeaux	Dollard-Des Ormeaux	20	2.3	1	0	12563	3	100	1
pointe-claire	Pointe-Claire	21	2.3	1	0	10815	29	100	1
saint-philippe	Saint-Philippe	22	2.2	0	0	5202	9	0	1
saint-mathieu	Saint-Mathieu	23	2.3	1	0	1444	12	92	1
chateauguay	Châteauguay	24	2.3	1	0	18765	9	100	1
sainte-julie	Sainte-Julie	25	2.3	1	0	10772	10	100	1
saint-basile-le-grand	Saint-Basile-le-Grand	26	2.3	1	0	10312	6	100	1
chambly	Chambly	27	2.3	1	0	12027	2	100	1
rosemere	Rosemère	28	2.3	1	117	5767	11	64	1
varennes	Varennes	29	2.3	1	0	8287	8	100	1
kirkland	Kirkland	30	none	0	0	6878	nd	nd	1
bois-des-filion	Bois-des-Filion	31	2.3	1	0	3611	11	18	0
saint-isidore-roussillon	Saint-Isidore	32	2.3	1	0	0	0	0	0
beaconsfield	Beaconsfield	33	2.3	1	0	7111	16	0	0
lorraine	Lorraine	34	2.3	1	0	3834	13	69	0
lery	Léry	35	2.3	1	0	1771	28	36	0
mercier	Mercier	36	2.3	1	0	nd	11	100	0
charlemagne	Charlemagne	37	2.3	1	nd	nd	17	94	0
boisbriand	Boisbriand	38	2.3	1	0	9969	16	50	0
deux-montagnes	Deux-Montagnes	39	2.3	1	0	6429	11	100	0
mcmasterville	McMasterville	40	2.3	1	0	nd	14	64	0
sainte-therese	Sainte-Thérèse	41	2.3	1	nd	nd	8	100	0
saint-mathias-sur-richelieu	Saint-Mathias-sur-Richelieu	42	2.3	1	nd	nd	8	100	0
saint-mathieu-de-beloeil	Saint-Mathieu-de-Beloeil	43	2.3	1	0	nd	22	27	0
saint-amable	Saint-Amable	44	2.3	1	nd	nd	15	100	0
terrebonne	Terrebonne	45	2.3	1	0	nd	0	0	0
saint-remi	Saint-Rémi	46	2.3	1	0	nd	8	62	0
otterburn-park	Otterburn Park	47	2.3	1	nd	nd	9	100	0
saint-jacques-le-mineur	Saint-Jacques-le-Mineur	48	2.3	1	0	nd	9	44	0
richelieu	Richelieu	49	2.3	1	0	nd	16	100	0
beloeil	Beloeil	50	2.3	1	0	9009	10	50	0
baie-durfe	Baie-D'Urfé	51	2.3	1	0	1730	3	100	0
sainte-marthe-sur-le-lac	Sainte-Marthe-sur-le-Lac	52	2.2	0	0	nd	32	0	0
saint-jean-sur-richelieu	Saint-Jean-sur-Richelieu	53	2.3	1	0	nd	39	0	0
mascouche	Mascouche	54	2.3	1	0	nd	9	44	0
saint-eustache	Saint-Eustache	55	2.3	1	0	nd	221	51	0
notre-dame-de-lile-perrot	Notre-Dame-de-l'Île-Perrot	56	2.3	1	0	nd	0	0	0
repentigny	Repentigny	57	2.3	1	nd	nd	5	80	0
saint-edouard	Saint-Édouard	58	2.3	1	0	nd	0	0	0
sainte-anne-de-bellevue	Sainte-Anne-de-Bellevue	59	2.3	1	0	nd	2	100	0
saint-michel	Saint-Michel	60	2.2	0	nd	nd	24	0	0
blainville	Blainville	61	2.3	1	0	20962	9	100	0
pointe-calumet	Pointe-Calumet	62	2.3	1	0	nd	6	100	0
mont-saint-hilaire	Mont-Saint-Hilaire	63	2.3	1	nd	nd	8	100	0
senneville	Senneville	64	2.3	1	0	nd	1	0	0
marieville	Marieville	65	none	0	0	nd	nd	nd	0
lile-perrot	L'Île-Perrot	66	2.3	1	0	3977	23	65	0
vercheres	Verchères	67	2.3	1	0	nd	5	100	0
saint-marc-sur-richelieu	Saint-Marc-sur-Richelieu	68	2.3	1	0	nd	3	100	0
sainte-martine	Sainte-Martine	69	2.2	0	0	nd	46	0	0
beauharnois	Beauharnois	70	2.3	1	0	6003	0	0	0
sainte-anne-des-plaines	Sainte-Anne-des-Plaines	71	2.3	1	0	nd	15	100	0
saint-urbain-premier	Saint-Urbain-Premier	72	2.3	1	0	nd	14	21	0
terrasse-vaudreuil	Terrasse-Vaudreuil	73	2.3	1	0	nd	6	83	0
saint-joseph-du-lac	Saint-Joseph-du-Lac	74	2.3	1	0	nd	22	100	0
saint-jean-baptiste	Saint-Jean-Baptiste	75	2.3	1	nd	nd	14	93	0
pincourt	Pincourt	76	2.3	1	0	nd	11	91	0
calixa-lavallee	Calixa-Lavallée	77	2.3	1	0	509	7	29	0
lile-cadieux	L'Île-Cadieux	78	2.3	1	0	17196	0	0	0
pointe-des-cascades	Pointe-des-Cascades	79	2.3	1	0	nd	12	50	0
saint-charles-sur-richelieu	Saint-Charles-sur-Richelieu	80	2.3	1	nd	nd	8	100	0
napierville	Napierville	81	2.3	1	0	nd	0	0	0
vaudreuil-sur-le-lac	Vaudreuil-sur-le-Lac	82	2.3	1	0	nd	2	100	0
saint-blaise-sur-richelieu	Saint-Blaise-sur-Richelieu	83	2.3	1	0	nd	14	29	0
mont-saint-gregoire	Mont-Saint-Grégoire	84	2.3	1	0	nd	0	0	0
sainte-madeleine	Sainte-Madeleine	85	2.3	1	nd	nd	0	0	0
saint-cyprien-de-napierville	Saint-Cyprien-de-Napierville	86	2.3	1	0	nd	0	0	0
saint-patrice-de-sherrington	Saint-Patrice-de-Sherrington	87	2.3	1	0	nd	8	0	0
saint-roch-de-lachigan	Saint-Roch-de-l'Achigan	88	2.2	0	0	nd	9	0	0
sainte-angele-de-monnoir	Sainte-Angèle-de-Monnoir	89	2.3	1	0	nd	13	31	0
lepiphanie	L'Épiphanie	90	2.3	1	0	4493	0	0	0
oka	Oka	91	2.3	1	0	nd	0	0	0
sainte-marie-madeleine	Sainte-Marie-Madeleine	92	2.3	1	nd	nd	0	0	0
saint-etienne-de-beauharnois	Saint-Étienne-de-Beauharnois	93	2.3	1	0	nd	0	0	0
sainte-clotilde	Sainte-Clotilde	94	2.2	0	0	nd	23	0	0
vaudreuil-dorion	Vaudreuil-Dorion	95	2.2	0	0	nd	54	0	0
rougemont	Rougemont	96	2.3	1	0	nd	0	0	0
saint-roch-ouest	Saint-Roch-Ouest	97	2.3	1	0	nd	0	0	0
saint-sulpice	Saint-Sulpice	98	2.3	1	nd	nd	0	0	0
lassomption	L'Assomption	99	2.3	1	nd	9390	7	0	0
howick	Howick	100	2.3	1	0	394	4	100	0
mirabel	Mirabel	101	2.3	1	0	nd	13	85	0
sainte-anne-de-sabrevois	Sainte-Anne-de-Sabrevois	102	2.3	1	0	nd	0	0	0
saint-lin-laurentides	Saint-Lin-Laurentides	103	2.2	0	nd	nd	12	0	0
saint-damase-les-maskoutains	Saint-Damase	104	2.3	1	0	0	2	100	0
saint-antoine-sur-richelieu	Saint-Antoine-sur-Richelieu	105	2.3	1	nd	nd	0	0	0
saint-denis-sur-richelieu	Saint-Denis-sur-Richelieu	106	2.3	1	nd	nd	7	100	0
tres-saint-sacrement	Très-Saint-Sacrement	107	2.3	1	0	nd	0	0	0
la-presentation	La Présentation	108	2.3	1	nd	1758	0	0	0
sainte-brigide-diberville	Sainte-Brigide-d'Iberville	109	2.2	0	0	nd	3	0	0
les-cedres	Les Cèdres	110	2.3	1	0	3003	10	10	0
saint-esprit	Saint-Esprit	111	2.2	0	0	nd	26	0	0
saint-valentin	Saint-Valentin	112	2.2	0	0	nd	5	0	0
sainte-sophie	Sainte-Sophie	113	2.2	0	0	nd	23	0	0
hudson	Hudson	114	2.3	1	0	3331	8	100	0
saint-alexandre	Saint-Alexandre	115	2.2	0	0	nd	27	0	0
saint-chrysostome	Saint-Chrysostome	116	2.3	1	0	nd	1	0	0
hemmingford-les-jardins-de-napierville	Hemmingford	117	2.3	1	0	0	5	40	0
saint-cesaire	Saint-Césaire	118	2.2	0	0	nd	19	0	0
saint-paul-de-lile-aux-noix	Saint-Paul-de-l'Île-aux-Noix	119	2.2	0	0	nd	4	0	0
saint-louis-de-gonzague-beauharnois-salaberry	Saint-Louis-de-Gonzague	120	2.3	1	0	0	6	100	0
salaberry-de-valleyfield	Salaberry-de-Valleyfield	121	2.3	1	nd	nd	13	100	0
saint-lazare	Saint-Lazare	122	2.3	1	nd	nd	0	0	0
saint-bernard-de-lacolle	Saint-Bernard-de-Lacolle	123	2.3	1	nd	nd	0	0	0
saint-alexis	Saint-Alexis	124	2.3	1	nd	nd	4	25	0
sainte-marie-salome	Sainte-Marie-Salomé	125	2.3	1	0	nd	3	67	0
lavaltrie	Lavaltrie	126	2.3	1	0	7190	9	100	0
contrecoeur	Contrecoeur	127	2.3	1	nd	4654	12	50	0
henryville	Henryville	128	2.3	1	0	1196	2	100	0
saint-jerome	Saint-Jérôme	129	2.3	1	0	nd	13	100	0
saint-placide	Saint-Placide	130	2.3	1	0	nd	0	0	0
saint-jacques	Saint-Jacques	131	2.3	1	0	nd	2	0	0
hemmingford-les-jardins-de-napierville-2	Hemmingford	132	2.3	1	0	0	6	100	0
saint-colomban	Saint-Colomban	133	2.3	1	0	nd	12	50	0
saint-hyacinthe	Saint-Hyacinthe	134	2.2	0	nd	nd	29	0	0
lacolle	Lacolle	135	2.3	1	0	1812	0	0	0
saint-sebastien-le-haut-richelieu	Saint-Sébastien	136	2.3	1	0	0	9	100	0
saint-paul	Saint-Paul	137	2.3	1	0	nd	32	100	0
saint-pie	Saint-Pie	138	2.3	1	nd	nd	62	23	0
havelock	Havelock	139	2.3	1	0	566	4	0	0
sainte-sabine-brome-missisquoi	Sainte-Sabine	140	2.2	0	0	0	12	0	0
saint-bernard-de-michaudville	Saint-Bernard-de-Michaudville	141	2.3	1	nd	nd	12	100	0
crabtree	Crabtree	142	2.3	1	0	1830	1	100	0
coteau-du-lac	Coteau-du-Lac	143	2.3	1	0	3909	12	42	0
sainte-julienne	Sainte-Julienne	144	2.3	1	0	nd	18	33	0
farnham	Farnham	145	2.3	1	0	nd	3	100	0
saint-paul-dabbotsford	Saint-Paul-d'Abbotsford	146	2.3	1	0	nd	8	100	0
saint-clet	Saint-Clet	147	2.3	1	0	nd	0	0	0
saint-roch-de-richelieu	Saint-Roch-de-Richelieu	148	2.3	1	0	nd	16	100	0
saint-jude	Saint-Jude	149	2.3	1	nd	nd	4	100	0
noyan	Noyan	150	2.3	1	0	nd	0	0	0
ormstown	Ormstown	151	2.3	1	0	nd	7	100	0
ange-gardien	Ange-Gardien	152	2.3	1	0	1555	7	100	0
saint-ours	Saint-Ours	153	2.3	1	nd	nd	6	100	0
prevost	Prévost	154	2.3	1	0	nd	4	100	0
saint-stanislas-de-kostka	Saint-Stanislas-de-Kostka	155	2.3	1	nd	nd	8	100	0
saint-calixte	Saint-Calixte	156	2.3	1	0	nd	5	100	0
saint-barnabe-sud	Saint-Barnabé-Sud	157	2.3	1	nd	nd	0	0	0
notre-dame-de-stanbridge	Notre-Dame-de-Stanbridge	158	none	0	0	nd	nd	nd	0
franklin	Franklin	159	2.3	1	0	1371	2	0	0
saint-pierre	Saint-Pierre	160	2.3	1	0	nd	3	100	0
saint-liguori	Saint-Liguori	161	2.3	1	0	nd	0	0	0
saint-hippolyte	Saint-Hippolyte	162	2.3	1	0	nd	59	0	0
venise-en-quebec	Venise-en-Québec	163	2.3	1	0	nd	6	100	0
clarenceville	Clarenceville	164	2.3	1	0	1564	1	0	0
joliette	Joliette	165	2.3	1	0	7253	11	27	0
les-coteaux	Les Coteaux	166	2.3	1	0	2486	6	100	0
saint-dominique	Saint-Dominique	167	2.3	1	nd	nd	12	100	0
sainte-marthe	Sainte-Marthe	168	2.3	1	0	nd	0	0	0
pike-river	Pike River	169	2.3	1	0	nd	4	100	0
rigaud	Rigaud	170	2.3	1	0	nd	0	0	0
lanoraie	Lanoraie	171	2.3	1	0	3591	3	100	0
sainte-anne-des-lacs	Sainte-Anne-des-Lacs	172	2.3	1	0	nd	10	100	0
saint-andre-dargenteuil	Saint-André-d'Argenteuil	173	2.3	1	0	nd	24	100	0
lachute	Lachute	174	2.3	1	0	7243	16	25	0
saint-louis	Saint-Louis	175	2.3	1	nd	nd	4	75	0
saint-simon	Saint-Simon	176	2.3	1	nd	nd	5	100	0
saint-thomas	Saint-Thomas	177	2.3	1	nd	nd	2	100	0
gore	Gore	178	2.3	1	0	5016	7	100	0
stanbridge-station	Stanbridge Station	179	2.3	1	0	nd	0	0	0
saint-charles-borromee	Saint-Charles-Borromée	180	2.3	1	0	nd	6	100	0
saint-ignace-de-stanbridge	Saint-Ignace-de-Stanbridge	181	2.3	1	0	nd	0	0	0
mille-isles	Mille-Isles	182	2.3	1	0	nd	6	100	0
piedmont	Piedmont	183	2.3	1	0	nd	9	100	0
saint-alphonse-de-granby	Saint-Alphonse-de-Granby	184	2.3	1	nd	nd	0	0	0
saint-zotique	Saint-Zotique	185	2.3	1	0	nd	4	100	0
sainte-barbe	Sainte-Barbe	186	2.3	1	0	nd	13	100	0
bedford-brome-missisquoi-2	Bedford	187	2.3	1	0	0	7	100	0
bedford-brome-missisquoi	Bedford	188	2.3	1	0	0	6	100	0
notre-dame-des-prairies	Notre-Dame-des-Prairies	189	2.3	1	0	nd	10	100	0
pointe-fortune	Pointe-Fortune	190	2.3	1	0	nd	5	100	0
sainte-victoire-de-sorel	Sainte-Victoire-de-Sorel	191	2.3	1	nd	nd	2	100	0
saint-polycarpe	Saint-Polycarpe	192	2.3	1	0	nd	4	100	0
rawdon	Rawdon	193	2.3	1	0	nd	6	100	0
tres-saint-redempteur	Très-Saint-Rédempteur	194	2.3	1	0	nd	6	100	0
saint-sauveur	Saint-Sauveur	195	2.3	1	0	nd	10	100	0
sainte-cecile-de-milton	Sainte-Cécile-de-Milton	196	2.3	1	nd	nd	6	100	0
saint-liboire	Saint-Liboire	197	2.3	1	0	nd	10	90	0
saint-ambroise-de-kildare	Saint-Ambroise-de-Kildare	198	2.3	1	nd	nd	6	100	0
granby	Granby	199	2.3	1	0	25947	13	69	0
saint-hugues	Saint-Hugues	200	2.3	1	0	nd	12	100	0
hinchinbrooke	Hinchinbrooke	201	2.3	1	0	1911	7	100	0
saint-marcel-de-richelieu	Saint-Marcel-de-Richelieu	202	2.3	1	nd	nd	6	100	0
brigham	Brigham	203	2.3	1	0	1875	6	0	0
huntingdon	Huntingdon	204	2.3	1	0	1853	5	100	0
saint-valerien-de-milton	Saint-Valérien-de-Milton	205	2.3	1	0	nd	0	0	0
stanbridge-east	Stanbridge East	206	2.3	1	0	nd	4	100	0
sainte-elisabeth	Sainte-Élisabeth	207	2.3	1	0	nd	0	0	0
sorel-tracy	Sorel-Tracy	208	2.3	1	0	nd	9	100	0
saint-armand	Saint-Armand	209	2.3	1	0	nd	0	0	0
massueville	Massueville	210	none	0	0	nd	nd	nd	0
riviere-beaudette	Rivière-Beaudette	211	2.3	1	0	nd	2	100	0
notre-dame-de-lourdes-joliette	Notre-Dame-de-Lourdes	212	2.3	1	0	0	8	100	0
sainte-adele	Sainte-Adèle	213	2.3	1	0	nd	20	100	0
saint-aime	Saint-Aimé	214	2.3	1	nd	nd	1	0	0
sainte-justine-de-newton	Sainte-Justine-de-Newton	215	2.3	1	0	nd	4	100	0
saint-robert	Saint-Robert	216	2.3	1	0	nd	0	0	0
sainte-marcelline-de-kildare	Sainte-Marcelline-de-Kildare	217	2.3	1	0	nd	6	100	0
east-farnham	East Farnham	218	2.3	1	0	402	10	0	0
saint-telesphore	Saint-Télesphore	219	2.3	1	0	nd	0	0	0
saint-joseph-de-sorel	Saint-Joseph-de-Sorel	220	2.3	1	nd	nd	0	0	0
sainte-helene-de-bagot	Sainte-Hélène-de-Bagot	221	2.3	1	nd	nd	0	0	0
morin-heights	Morin-Heights	222	2.3	1	0	nd	0	0	0
sainte-genevieve-de-berthier	Sainte-Geneviève-de-Berthier	223	2.3	1	0	nd	0	0	0
wentworth	Wentworth	224	2.3	1	0	nd	6	100	0
esterel	Estérel	225	2.3	1	0	nd	8	100	0
cowansville	Cowansville	226	2.3	1	nd	6820	7	86	0
godmanchester	Godmanchester	227	2.3	1	0	813	4	0	0
upton	Upton	228	2.3	1	0	nd	7	100	0
brownsburg-chatham	Brownsburg-Chatham	229	2.3	1	0	4895	20	35	0
berthierville	Berthierville	230	2.3	1	0	1987	5	100	0
saint-ignace-de-loyola	Saint-Ignace-de-Loyola	231	2.3	1	0	nd	0	0	0
sainte-anne-de-sorel	Sainte-Anne-de-Sorel	232	2.3	1	nd	nd	33	100	0
sainte-melanie	Sainte-Mélanie	233	2.3	1	0	nd	9	100	0
bromont	Bromont	234	2.3	1	nd	7359	0	0	0
roxton-pond	Roxton Pond	235	2.3	1	nd	nd	2	0	0
sainte-marguerite-du-lac-masson	Sainte-Marguerite-du-Lac-Masson	236	2.3	1	0	nd	6	0	0
dunham	Dunham	237	2.3	1	0	2823	223	22	0
chertsey	Chertsey	238	2.3	1	0	nd	9	100	0
val-morin	Val-Morin	239	2.3	1	0	nd	0	0	0
saint-guillaume	Saint-Guillaume	240	2.2	0	nd	nd	12	0	0
saint-david	Saint-David	241	2.3	1	nd	nd	0	0	0
elgin	Elgin	242	2.3	1	0	521	3	100	0
saint-anicet	Saint-Anicet	243	2.2	0	0	nd	9	0	0
saint-eugene	Saint-Eugène	244	2.2	0	nd	nd	2	0	0
saint-felix-de-valois	Saint-Félix-de-Valois	245	2.3	1	0	nd	27	100	0
yamaska	Yamaska	246	2.3	1	nd	nd	14	0	0
saint-alphonse-rodriguez	Saint-Alphonse-Rodriguez	247	2.3	1	0	nd	3	100	0
saint-norbert	Saint-Norbert	248	2.3	1	0	nd	4	100	0
la-visitation-de-lile-dupas	La Visitation-de-l'Île-Dupas	249	none	0	0	843	nd	nd	0
entrelacs	Entrelacs	250	none	0	0	2564	nd	nd	0
wentworth-nord	Wentworth-Nord	251	2.3	1	0	nd	2	100	0
val-david	Val-David	252	2.3	1	0	nd	6	100	0
frelighsburg	Frelighsburg	253	2.3	1	0	986	7	100	0
saint-nazaire-dacton	Saint-Nazaire-d'Acton	254	2.3	1	0	nd	12	92	0
saint-adolphe-dhoward	Saint-Adolphe-d'Howard	255	2.3	1	0	nd	0	0	0
saint-gerard-majella	Saint-Gérard-Majella	256	2.3	1	0	nd	2	100	0
sainte-beatrix	Sainte-Béatrix	257	2.3	1	0	nd	4	0	0
acton-vale	Acton Vale	258	2.3	1	0	4273	10	100	0
shefford	Shefford	259	2.3	1	nd	nd	38	74	0
saint-cuthbert	Saint-Cuthbert	260	2.3	1	0	nd	8	100	0
saint-theodore-dacton	Saint-Théodore-d'Acton	261	2.3	1	0	nd	4	0	0
saint-joachim-de-shefford	Saint-Joachim-de-Shefford	262	2.3	1	nd	nd	6	100	0
roxton-falls	Roxton Falls	263	2.3	1	0	nd	6	100	0
grenville	Grenville	264	2.3	1	0	916	35	69	0
saint-edmond-de-grantham	Saint-Edmond-de-Grantham	265	2.3	1	nd	nd	0	0	0
saint-cleophas-de-brandon	Saint-Cléophas-de-Brandon	266	2.3	1	0	nd	3	0	0
roxton	Roxton	267	2.3	1	nd	nd	6	100	0
lac-des-seize-iles	Lac-des-Seize-Îles	268	2.3	1	0	711	2	100	0
saint-jean-de-matha	Saint-Jean-de-Matha	269	2.3	1	0	nd	12	100	0
saint-francois-du-lac	Saint-François-du-Lac	270	2.3	1	nd	nd	7	100	0
saint-barthelemy	Saint-Barthélemy	271	2.3	1	0	nd	5	20	0
waterloo	Waterloo	272	2.2	0	nd	nd	23	0	0
warden	Warden	273	2.3	1	nd	nd	6	100	0
lac-brome	Lac-Brome	274	2.3	1	nd	4365	8	25	0
saint-germain-de-grantham	Saint-Germain-de-Grantham	275	2.3	1	nd	nd	12	100	0
saint-pie-de-guire	Saint-Pie-de-Guire	276	2.3	1	nd	nd	5	100	0
sainte-agathe-des-monts	Sainte-Agathe-des-Monts	277	2.3	1	0	nd	2	100	0
brome	Brome	278	2.3	1	0	299	5	100	0
saint-bonaventure	Saint-Bonaventure	279	2.3	1	nd	nd	0	0	0
saint-come	Saint-Côme	280	2.3	1	0	nd	8	25	0
sainte-lucie-des-laurentides	Sainte-Lucie-des-Laurentides	281	2.3	1	0	nd	0	0	0
abercorn	Abercorn	282	2.3	1	0	455	13	100	0
dundee	Dundee	283	2.3	1	0	559	1	100	0
grenville-sur-la-rouge	Grenville-sur-la-Rouge	284	2.3	1	0	1415	10	100	0
wickham	Wickham	285	2.3	1	nd	nd	7	86	0
saint-gabriel-de-brandon	Saint-Gabriel-de-Brandon	286	2.3	1	0	nd	6	100	0
pierreville	Pierreville	287	2.3	1	nd	nd	6	67	0
montcalm	Montcalm	288	2.3	1	0	nd	12	100	0
ivry-sur-le-lac	Ivry-sur-le-Lac	289	2.3	1	0	1537	5	100	0
maskinonge	Maskinongé	290	2.3	1	0	nd	0	0	0
bethanie	Béthanie	291	none	0	0	333	nd	nd	0
sutton	Sutton	292	2.3	1	nd	nd	5	100	0
saint-majorique-de-grantham	Saint-Majorique-de-Grantham	293	2.3	1	nd	nd	0	0	0
notre-dame-de-la-merci	Notre-Dame-de-la-Merci	294	2.3	1	0	nd	6	100	0
sainte-christine	Sainte-Christine	295	2.3	1	nd	nd	1	100	0
lantier	Lantier	296	2.3	1	0	1941	7	100	0
sainte-anne-de-la-rochelle	Sainte-Anne-de-la-Rochelle	297	2.3	1	0	nd	3	100	0
saint-elphege	Saint-Elphège	298	2.3	1	nd	nd	0	0	0
saint-justin	Saint-Justin	299	2.3	1	0	nd	0	0	0
saint-gabriel	Saint-Gabriel	300	2.3	1	0	nd	7	43	0
stukely-sud	Stukely-Sud	301	2.3	1	0	nd	0	0	0
lefebvre	Lefebvre	302	none	0	nd	741	nd	nd	0
saint-damien	Saint-Damien	303	2.3	1	nd	nd	9	56	0
harrington	Harrington	304	2.3	1	0	986	6	100	0
bolton-ouest	Bolton-Ouest	305	2.3	1	0	1041	8	0	0
sainte-emelie-de-lenergie	Sainte-Émélie-de-l'Énergie	306	2.3	1	0	nd	0	0	0
barkmere	Barkmere	307	2.3	1	0	549	6	100	0
drummondville	Drummondville	308	2.3	1	0	30722	13	38	0
mont-blanc	Mont-Blanc	309	2.3	1	0	nd	12	42	0
valcourt-le-val-saint-francois	Valcourt	310	2.3	1	0	0	4	100	0
saint-didace	Saint-Didace	311	2.3	1	0	nd	0	0	0
lawrenceville	Lawrenceville	312	2.3	1	0	469	10	60	0
saint-zephirin-de-courval	Saint-Zéphirin-de-Courval	313	2.3	1	nd	nd	4	100	0
sainte-ursule	Sainte-Ursule	314	2.3	1	0	nd	4	100	0
arundel	Arundel	315	2.3	1	0	848	6	100	0
louiseville	Louiseville	316	2.3	1	0	4141	8	100	0
saint-etienne-de-bolton	Saint-Étienne-de-Bolton	317	2.3	1	0	nd	4	100	0
saint-edouard-de-maskinonge	Saint-Édouard-de-Maskinongé	318	2.3	1	0	nd	1	100	0
baie-du-febvre	Baie-du-Febvre	319	2.3	1	nd	929	4	0	0
valcourt-le-val-saint-francois-2	Valcourt	320	2.3	1	0	0	0	0	0
maricourt	Maricourt	321	2.3	1	0	nd	4	75	0
durham-sud	Durham-Sud	322	2.3	1	nd	774	0	0	0
bonsecours	Bonsecours	323	none	0	0	832	nd	nd	0
eastman	Eastman	324	2.3	1	0	4704	7	86	0
fassett	Fassett	325	2.3	1	0	596	4	0	0
saint-cyrille-de-wendover	Saint-Cyrille-de-Wendover	326	2.3	1	nd	nd	12	42	0
la-visitation-de-yamaska	La Visitation-de-Yamaska	327	none	0	nd	524	nd	nd	0
bolton-est	Bolton-Est	328	2.3	1	0	2105	10	100	0
huberdeau	Huberdeau	329	2.3	1	0	876	2	100	0
val-des-lacs	Val-des-Lacs	330	2.3	1	0	nd	7	100	0
lavenir	L'Avenir	331	2.3	1	nd	1093	11	100	0
sainte-brigitte-des-saults	Sainte-Brigitte-des-Saults	332	2.3	1	nd	nd	2	100	0
saint-leon-le-grand-maskinonge	Saint-Léon-le-Grand	333	2.3	1	0	0	9	100	0
notre-dame-de-bonsecours	Notre-Dame-de-Bonsecours	334	none	0	0	nd	nd	nd	0
sainte-angele-de-premont	Sainte-Angèle-de-Prémont	335	2.3	1	0	nd	3	100	0
saint-donat-matawinie	Saint-Donat	336	2.3	1	0	0	8	75	0
potton	Potton	337	2.3	1	nd	nd	18	61	0
ulverton	Ulverton	338	2.3	1	0	nd	0	0	0
boileau	Boileau	339	2.3	1	0	1251	105	17	0
racine	Racine	340	2.3	1	0	nd	9	100	0
brebeuf	Brébeuf	341	2.3	1	0	1105	8	100	0
notre-dame-du-bon-conseil-drummond-2	Notre-Dame-du-Bon-Conseil	342	2.3	1	0	0	3	100	0
yamachiche	Yamachiche	343	2.3	1	0	nd	3	100	0
mandeville	Mandeville	344	2.3	1	0	nd	7	100	0
austin	Austin	345	2.3	1	0	0	6	100	0
sainte-perpetue-nicolet-yamaska	Sainte-Perpétue	346	2.3	1	0	0	2	100	0
saint-severe	Saint-Sévère	347	2.3	1	0	nd	2	100	0
orford	Orford	348	2.3	1	nd	nd	12	67	0
sainte-monique-nicolet-yamaska	Sainte-Monique	349	2.3	1	0	0	1	100	0
nicolet	Nicolet	350	2.3	1	nd	nd	6	100	0
mont-tremblant	Mont-Tremblant	351	2.3	1	nd	nd	13	100	0
saint-benoit-du-lac	Saint-Benoît-du-Lac	352	2.3	1	0	nd	0	0	0
montebello	Montebello	353	2.3	1	0	nd	7	100	0
saint-lucien	Saint-Lucien	354	2.3	1	nd	nd	2	100	0
melbourne	Melbourne	355	2.3	1	0	nd	2	100	0
notre-dame-du-bon-conseil-drummond	Notre-Dame-du-Bon-Conseil	356	2.3	1	0	0	8	100	0
saint-paulin	Saint-Paulin	357	2.3	1	0	nd	5	0	0
amherst	Amherst	358	2.3	1	0	1833	3	100	0
kingsbury	Kingsbury	359	2.3	1	0	165	4	100	0
saint-felix-de-kingsey	Saint-Félix-de-Kingsey	360	2.3	1	nd	nd	4	100	0
saint-alexis-des-monts	Saint-Alexis-des-Monts	361	2.3	1	0	nd	1	100	0
grand-saint-esprit	Grand-Saint-Esprit	362	2.3	1	nd	348	4	100	0
richmond	Richmond	363	2.3	1	0	nd	7	100	0
saint-barnabe	Saint-Barnabé	364	2.3	1	nd	nd	3	100	0
namur	Namur	365	none	0	nd	nd	nd	nd	0
magog	Magog	366	2.3	1	nd	nd	0	0	0
lac-superieur	Lac-Supérieur	367	2.3	1	0	66	14	14	0
papineauville	Papineauville	368	none	0	nd	nd	nd	nd	0
notre-dame-de-la-paix	Notre-Dame-de-la-Paix	369	2.3	1	nd	nd	6	100	0
saint-leonard-daston	Saint-Léonard-d'Aston	370	2.3	1	nd	nd	3	100	0
stanstead-memphremagog	Stanstead	371	2.3	1	0	0	8	100	0
saint-zenon	Saint-Zénon	372	2.3	1	0	nd	0	0	0
charette	Charette	373	none	0	0	nd	nd	nd	0
saint-denis-de-brompton	Saint-Denis-de-Brompton	374	2.3	1	0	nd	4	100	0
saint-emile-de-suffolk	Saint-Émile-de-Suffolk	375	2.3	1	nd	nd	4	100	0
sainte-clotilde-de-horton	Sainte-Clotilde-de-Horton	376	2.3	1	0	nd	4	100	0
cleveland	Cleveland	377	2.3	1	0	1112	3	100	0
sainte-seraphine	Sainte-Séraphine	378	2.3	1	0	nd	4	100	0
la-conception	La Conception	379	none	0	0	3083	nd	nd	0
lac-tremblant-nord	Lac-Tremblant-Nord	380	2.3	1	0	336	1	100	0
saint-celestin-nicolet-yamaska	Saint-Célestin	381	2.3	1	0	0	0	0	0
saint-andre-avellin	Saint-André-Avellin	382	2.3	1	0	nd	0	0	0
saint-francois-xavier-de-brompton	Saint-François-Xavier-de-Brompton	383	2.3	1	0	nd	2	100	0
saint-celestin-nicolet-yamaska-2	Saint-Célestin	384	2.3	1	0	0	0	0	0
plaisance	Plaisance	385	2.3	1	nd	nd	7	100	0
ogden	Ogden	386	2.3	1	0	nd	7	100	0
cheneville	Chénéville	387	2.3	1	nd	nd	9	0	0
saint-etienne-des-gres	Saint-Étienne-des-Grès	388	2.3	1	0	nd	3	100	0
trois-rivieres	Trois-Rivières	389	2.3	1	nd	nd	0	0	0
kingsey-falls	Kingsey Falls	390	2.3	1	0	1289	1	100	0
saint-elie-de-caxton	Saint-Élie-de-Caxton	391	2.3	1	0	nd	2	100	0
saint-wenceslas	Saint-Wenceslas	392	2.3	1	nd	nd	1	100	0
lac-des-plages	Lac-des-Plages	393	none	0	0	1409	nd	nd	0
sainte-catherine-de-hatley	Sainte-Catherine-de-Hatley	394	2.3	1	0	nd	9	89	0
saint-samuel	Saint-Samuel	395	2.3	1	0	nd	0	0	0
windsor	Windsor	396	2.3	1	0	nd	8	100	0
sainte-elizabeth-de-warwick	Sainte-Élizabeth-de-Warwick	397	2.3	1	0	nd	2	100	0
sainte-eulalie	Sainte-Eulalie	398	2.3	1	nd	nd	0	0	0
ayers-cliff	Ayer's Cliff	399	2.3	1	nd	978	16	94	0
danville	Danville	400	2.3	1	0	2362	3	100	0
labelle	Labelle	401	2.3	1	0	nd	13	54	0
val-joli	Val-Joli	402	2.3	1	0	nd	0	0	0
sherbrooke	Sherbrooke	403	2.3	1	nd	nd	0	0	0
saint-albert	Saint-Albert	404	2.3	1	0	nd	7	100	0
ripon	Ripon	405	2.3	1	nd	nd	5	100	0
north-hatley	North Hatley	406	2.3	1	0	nd	4	100	0
stanstead-memphremagog-2	Stanstead	407	2.3	1	0	0	2	50	0
saint-boniface	Saint-Boniface	408	2.3	1	0	nd	6	100	0
saint-claude	Saint-Claude	409	2.3	1	0	nd	2	100	0
aston-jonction	Aston-Jonction	410	2.3	1	nd	341	5	100	0
stanstead-est	Stanstead-Est	411	2.3	1	nd	nd	5	20	0
lac-simon	Lac-Simon	412	2.3	1	nd	2899	0	0	0
saint-sixte	Saint-Sixte	413	2.3	1	0	nd	4	100	0
hatley-township-municipality	Hatley (township municipality)	414	2.3	1	nd	276	10	100	0
lochaber	Lochaber	415	2.3	1	0	492	4	100	0
hatley	Hatley	416	2.3	1	nd	1111	4	100	0
val-des-sources	Val-des-Sources	417	2.3	1	0	nd	5	100	0
becancour	Bécancour	418	2.3	1	0	2681	6	100	0
notre-dame-du-mont-carmel	Notre-Dame-du-Mont-Carmel	419	2.3	1	nd	nd	11	100	0
saint-valere	Saint-Valère	420	2.3	1	0	nd	4	100	0
thurso	Thurso	421	2.3	1	0	nd	0	0	0
warwick	Warwick	422	2.3	1	0	nd	13	77	0
saint-sylvere	Saint-Sylvère	423	2.3	1	0	nd	3	100	0
tingwick	Tingwick	424	2.3	1	0	nd	0	0	0
barnston-ouest	Barnston-Ouest	425	2.3	1	nd	650	14	100	0
la-macaza	La Macaza	426	none	0	0	1565	nd	nd	0
saint-maurice	Saint-Maurice	427	2.3	1	nd	nd	12	75	0
la-minerve	La Minerve	428	2.3	1	0	2127	8	50	0
shawinigan	Shawinigan	429	2.3	1	nd	nd	14	93	0
waterville	Waterville	430	2.2	0	nd	nd	7	0	0
saint-georges-de-windsor	Saint-Georges-de-Windsor	431	2.3	1	0	nd	0	0	0
saint-mathieu-du-parc	Saint-Mathieu-du-Parc	432	2.3	1	0	nd	7	100	0
saint-michel-des-saints	Saint-Michel-des-Saints	433	2.3	1	0	nd	0	0	0
lochaber-partie-ouest	Lochaber-Partie-Ouest	434	2.3	1	0	653	3	100	0
daveluyville	Daveluyville	435	2.3	1	0	1868	6	50	0
maddington-falls	Maddington Falls	436	2.3	1	0	439	0	0	0
mayo	Mayo	437	none	0	0	nd	nd	nd	0
victoriaville	Victoriaville	438	2.3	1	0	nd	15	0	0
montpellier	Montpellier	439	none	0	0	nd	nd	nd	0
stoke	Stoke	440	2.3	1	0	nd	2	0	0
compton	Compton	441	2.3	1	nd	1806	6	100	0
champlain	Champlain	442	2.3	1	nd	nd	10	0	0
saint-rosaire	Saint-Rosaire	443	2.3	1	0	nd	2	100	0
wotton	Wotton	444	2.3	1	0	nd	0	0	0
duhamel	Duhamel	445	2.3	1	0	218	4	0	0
saint-luc-de-vincennes	Saint-Luc-de-Vincennes	446	2.3	1	nd	nd	3	100	0
ascot-corner	Ascot Corner	447	2.3	1	0	2175	0	0	0
saint-remi-de-tingwick	Saint-Rémi-de-Tingwick	448	2.3	1	0	nd	6	100	0
sainte-marie-de-blandford	Sainte-Marie-de-Blandford	449	2.3	1	0	nd	0	0	0
coaticook	Coaticook	450	2.3	1	nd	4064	8	100	0
mulgrave-et-derry	Mulgrave-et-Derry	451	2.3	1	nd	nd	2	100	0
saint-christophe-darthabaska	Saint-Christophe-d'Arthabaska	452	2.3	1	0	nd	3	100	0
lemieux	Lemieux	453	none	0	0	334	nd	nd	0
saint-narcisse	Saint-Narcisse	454	2.3	1	nd	nd	0	0	0
saint-adrien	Saint-Adrien	455	2.3	1	0	nd	0	0	0
saint-camille	Saint-Camille	456	2.3	1	0	nd	1	0	0
saint-louis-de-blandford	Saint-Louis-de-Blandford	457	2.3	1	0	nd	0	0	0
chesterville	Chesterville	458	2.3	1	0	nd	4	100	0
lange-gardien-les-collines-de-loutaouais	L'Ange-Gardien	459	2.3	1	0	0	0	0	0
westbury	Westbury	460	2.3	1	0	nd	4	100	0
cookshire-eaton	Cookshire-Eaton	461	2.3	1	0	2078	2	100	0
east-angus	East Angus	462	2.3	1	0	2010	8	88	0
martinville	Martinville	463	2.3	1	nd	nd	4	100	0
herouxville	Hérouxville	464	2.3	1	0	1385	4	100	0
sainte-genevieve-de-batiscan	Sainte-Geneviève-de-Batiscan	465	2.3	1	nd	nd	2	100	0
batiscan	Batiscan	466	2.3	1	nd	1224	37	97	0
princeville	Princeville	467	2.3	1	0	nd	5	100	0
dixville	Dixville	468	2.3	1	nd	837	10	0	0
saint-norbert-darthabaska	Saint-Norbert-d'Arthabaska	469	2.3	1	0	nd	0	0	0
sainte-edwidge-de-clifton	Sainte-Edwidge-de-Clifton	470	2.3	1	nd	nd	0	0	0
notre-dame-de-ham	Notre-Dame-de-Ham	471	2.3	1	0	nd	2	100	0
lascension	L'Ascension	472	2.2	0	nd	1588	11	0	0
saint-pierre-les-becquets	Saint-Pierre-les-Becquets	473	2.3	1	0	nd	0	0	0
sainte-cecile-de-levrard	Sainte-Cécile-de-Lévrard	474	2.3	1	0	nd	3	67	0
sainte-sophie-de-levrard	Sainte-Sophie-de-Lévrard	475	2.3	1	0	nd	9	100	0
nominingue	Nominingue	476	2.3	1	0	nd	9	56	0
saint-stanislas-des-chenaux	Saint-Stanislas	477	2.3	1	0	0	4	50	0
saint-severin-mekinac	Saint-Séverin	478	2.3	1	0	0	2	100	0
grandes-piles	Grandes-Piles	479	2.3	1	0	524	2	100	0
dudswell	Dudswell	480	2.3	1	0	1987	3	100	0
manseau	Manseau	481	2.3	1	0	nd	0	0	0
riviere-rouge	Rivière-Rouge	482	2.3	1	0	nd	9	100	0
ham-nord	Ham-Nord	483	2.3	1	0	760	4	100	0
sainte-helene-de-chester	Sainte-Hélène-de-Chester	484	2.3	1	0	nd	1	0	0
ham-sud	Ham-Sud	485	2.3	1	0	575	2	100	0
saint-tite	Saint-Tite	486	2.3	1	nd	nd	6	100	0
notre-dame-de-la-salette	Notre-Dame-de-la-Salette	487	2.3	1	0	nd	3	100	0
val-des-bois	Val-des-Bois	488	2.3	1	nd	nd	3	100	0
saint-hermenegilde	Saint-Herménégilde	489	2.3	1	nd	nd	0	0	0
saint-roch-de-mekinac	Saint-Roch-de-Mékinac	490	2.3	1	0	nd	2	100	0
saint-prosper-de-champlain	Saint-Prosper-de-Champlain	491	2.3	1	nd	nd	0	0	0
plessisville	Plessisville	492	2.3	1	0	nd	21	100	0
sainte-sophie-dhalifax	Sainte-Sophie-d'Halifax	493	2.3	1	0	nd	1	100	0
saint-fortunat	Saint-Fortunat	494	2.3	1	0	nd	0	0	0
sainte-anne-de-la-perade	Sainte-Anne-de-la-Pérade	495	2.3	1	nd	nd	3	100	0
deschaillons-sur-saint-laurent	Deschaillons-sur-Saint-Laurent	496	2.3	1	0	1070	2	100	0
fortierville	Fortierville	497	2.3	1	0	nd	2	100	0
parisville	Parisville	498	2.3	1	0	nd	5	100	0
sainte-francoise-becancour	Sainte-Françoise	499	2.3	1	0	0	4	100	0
notre-dame-de-lourdes-lerable	Notre-Dame-de-Lourdes	500	2.3	1	0	0	5	100	0
saint-adelphe	Saint-Adelphe	501	2.3	1	0	nd	0	0	0
saints-martyrs-canadiens	Saints-Martyrs-Canadiens	502	2.3	1	0	nd	2	100	0
gatineau	Gatineau	503	2.3	1	nd	39666	0	0	0
villeroy	Villeroy	504	2.3	1	0	nd	0	0	0
bury	Bury	505	2.3	1	0	1006	0	0	0
saint-isidore-de-clifton	Saint-Isidore-de-Clifton	506	2.3	1	0	nd	3	100	0
saint-malo	Saint-Malo	507	2.3	1	nd	nd	3	100	0
val-des-monts	Val-des-Monts	508	2.3	1	0	nd	9	100	0
notre-dame-du-laus	Notre-Dame-du-Laus	509	none	0	0	nd	nd	nd	0
saint-ferdinand	Saint-Ferdinand	510	2.3	1	0	nd	4	100	0
newport	Newport	511	2.3	1	0	nd	3	100	0
east-hereford	East Hereford	512	2.3	1	nd	394	0	0	0
weedon	Weedon	513	2.3	1	0	nd	2	100	0
lac-saguay	Lac-Saguay	514	2.3	1	0	1476	1	100	0
saint-julien	Saint-Julien	515	2.3	1	0	nd	0	0	0
saint-venant-de-paquette	Saint-Venant-de-Paquette	516	2.3	1	nd	nd	2	100	0
saint-jacques-le-majeur-de-wolfestown	Saint-Jacques-le-Majeur-de-Wolfestown	517	2.3	1	0	nd	5	100	0
sainte-thecle	Sainte-Thècle	518	2.3	1	0	nd	10	100	0
saint-casimir	Saint-Casimir	519	2.3	1	0	nd	6	100	0
bowman	Bowman	520	2.3	1	0	933	11	100	0
kiamika	Kiamika	521	2.3	1	0	721	10	100	0
saint-pierre-baptiste	Saint-Pierre-Baptiste	522	2.3	1	0	nd	0	0	0
leclercville	Leclercville	523	2.3	1	0	252	0	0	0
laurierville	Laurierville	524	2.3	1	0	1254	251	41	0
cantley	Cantley	525	2.3	1	0	nd	8	100	0
beaulac-garthby	Beaulac-Garthby	526	none	0	0	2084	nd	nd	0
saint-thuribe	Saint-Thuribe	527	2.3	1	nd	nd	0	0	0
denholm	Denholm	528	2.3	1	0	855	3	100	0
irlande	Irlande	529	none	0	0	926	nd	nd	0
val-alain	Val-Alain	530	2.3	1	0	nd	8	100	0
lac-du-cerf	Lac-du-Cerf	531	2.3	1	0	1161	4	25	0
deschambault-grondines	Deschambault-Grondines	532	2.3	1	nd	2191	0	0	0
saint-ubalde	Saint-Ubalde	533	2.3	1	nd	nd	2	100	0
lingwick	Lingwick	534	none	0	0	811	nd	nd	0
saint-marc-des-carrieres	Saint-Marc-des-Carrières	535	2.3	1	nd	nd	2	100	0
lac-aux-sables	Lac-aux-Sables	536	2.3	1	0	nd	0	0	0
disraeli-les-appalaches	Disraeli	537	2.3	1	0	0	8	100	0
trois-rives	Trois-Rives	538	2.3	1	0	nd	0	0	0
lotbiniere	Lotbinière	539	none	0	0	1135	nd	nd	0
disraeli-les-appalaches-2	Disraeli	540	none	0	0	0	nd	nd	0
scotstown	Scotstown	541	2.3	1	0	nd	5	100	0
chelsea	Chelsea	542	2.3	1	nd	nd	6	100	0
saint-adrien-dirlande	Saint-Adrien-d'Irlande	543	2.3	1	0	nd	0	0	0
lac-des-ecorces	Lac-des-Écorces	544	2.3	1	0	3149	4	100	0
saint-edouard-de-lotbiniere	Saint-Édouard-de-Lotbinière	545	2.3	1	0	nd	0	0	0
stratford	Stratford	546	2.3	1	nd	nd	4	100	0
saint-jean-de-brebeuf	Saint-Jean-de-Brébeuf	547	2.3	1	0	nd	0	0	0
saint-alban	Saint-Alban	548	2.3	1	nd	nd	2	0	0
hampden	Hampden	549	2.3	1	0	338	3	0	0
lyster	Lyster	550	2.2	0	0	1370	400	0	0
chute-saint-philippe	Chute-Saint-Philippe	551	2.3	1	0	1022	6	100	0
inverness	Inverness	552	2.3	1	0	982	5	100	0
saint-gilbert	Saint-Gilbert	553	2.3	1	nd	nd	5	100	0
saint-joseph-de-coleraine	Saint-Joseph-de-Coleraine	554	2.3	1	0	nd	0	0	0
la-patrie	La Patrie	555	2.3	1	0	1017	4	100	0
saint-janvier-de-joly	Saint-Janvier-de-Joly	556	2.3	1	0	nd	0	0	0
saint-aime-du-lac-des-iles	Saint-Aimé-du-Lac-des-Îles	557	2.3	1	0	nd	2	0	0
notre-dame-de-montauban	Notre-Dame-de-Montauban	558	2.3	1	0	nd	8	100	0
chartierville	Chartierville	559	2.3	1	0	nd	0	0	0
notre-dame-de-pontmain	Notre-Dame-de-Pontmain	560	none	0	0	nd	nd	nd	0
sainte-praxede	Sainte-Praxède	561	2.3	1	0	nd	0	0	0
lac-sainte-marie	Lac-Sainte-Marie	562	2.3	1	0	2995	1	100	0
stornoway	Stornoway	563	2.3	1	0	nd	0	0	0
portneuf	Portneuf	564	2.3	1	nd	nd	8	50	0
sainte-croix	Sainte-Croix	565	2.3	1	0	nd	6	100	0
low	Low	566	2.3	1	0	1262	0	0	0
laurier-station	Laurier-Station	567	2.3	1	0	1558	0	0	0
milan	Milan	568	none	0	0	nd	nd	nd	0
thetford-mines	Thetford Mines	569	2.3	1	0	nd	0	0	0
kinnears-mills	Kinnear's Mills	570	2.3	1	0	697	2	100	0
dosquet	Dosquet	571	2.3	1	0	855	2	100	0
sainte-christine-dauvergne	Sainte-Christine-d'Auvergne	572	2.3	1	0	nd	3	0	0
lac-saint-paul	Lac-Saint-Paul	573	2.2	0	0	766	77	0	0
notre-dame-du-sacre-coeur-dissoudun	Notre-Dame-du-Sacré-Coeur-d'Issoudun	574	2.3	1	0	nd	0	0	0
cap-sante	Cap-Santé	575	2.3	1	nd	2669	0	0	0
saint-flavien	Saint-Flavien	576	2.3	1	0	nd	0	0	0
sainte-agathe-de-lotbiniere	Sainte-Agathe-de-Lotbinière	577	2.3	1	0	nd	0	0	0
donnacona	Donnacona	578	2.3	1	nd	3613	1	100	0
saint-jacques-de-leeds	Saint-Jacques-de-Leeds	579	2.3	1	0	nd	2	0	0
val-racine	Val-Racine	580	2.3	1	0	nd	3	100	0
saint-romain	Saint-Romain	581	2.3	1	0	nd	0	0	0
la-peche	La Pêche	582	2.3	1	0	2233	7	100	0
saint-basile	Saint-Basile	583	2.3	1	nd	nd	9	100	0
mont-laurier	Mont-Laurier	584	2.3	1	0	nd	11	100	0
notre-dame-des-bois	Notre-Dame-des-Bois	585	2.3	1	0	nd	2	100	0
gracefield	Gracefield	586	2.3	1	0	1644	6	100	0
lambton	Lambton	587	2.3	1	0	2170	4	100	0
sainte-therese-de-la-gatineau	Sainte-Thérèse-de-la-Gatineau	588	2.3	1	0	nd	2	100	0
mont-saint-michel	Mont-Saint-Michel	589	2.3	1	0	nd	7	100	0
bouchette	Bouchette	590	2.3	1	0	1726	8	88	0
adstock	Adstock	591	2.3	1	0	3345	3	100	0
saint-leonard-de-portneuf	Saint-Léonard-de-Portneuf	592	2.3	1	0	nd	0	0	0
pontiac	Pontiac	593	2.3	1	0	nd	0	0	0
nantes	Nantes	594	2.3	1	0	nd	5	80	0
riviere-a-pierre	Rivière-à-Pierre	595	2.3	1	nd	nd	5	100	0
deleage	Déléage	596	2.3	1	0	1002	4	0	0
kazabazua	Kazabazua	597	2.3	1	0	2013	6	100	0
saint-agapit	Saint-Agapit	598	2.3	1	0	nd	6	100	0
saint-antoine-de-tilly	Saint-Antoine-de-Tilly	599	2.3	1	0	nd	0	0	0
saint-apollinaire	Saint-Apollinaire	600	2.3	1	0	nd	12	100	0
saint-pierre-de-broughton	Saint-Pierre-de-Broughton	601	2.3	1	0	nd	2	100	0
neuville	Neuville	602	2.3	1	nd	nd	4	100	0
saint-gilles	Saint-Gilles	603	2.3	1	0	nd	4	100	0
pont-rouge	Pont-Rouge	604	2.3	1	0	nd	7	100	0
marston	Marston	605	2.3	1	0	nd	0	0	0
courcelles-saint-evariste	Courcelles-Saint-Évariste	606	2.3	1	nd	1191	0	0	0
piopolis	Piopolis	607	2.3	1	0	nd	0	0	0
saint-sylvestre	Saint-Sylvestre	608	2.3	1	0	nd	0	0	0
saint-sebastien-le-granit	Saint-Sébastien	609	2.3	1	0	0	0	0	0
saint-patrice-de-beaurivage	Saint-Patrice-de-Beaurivage	610	2.3	1	0	nd	3	100	0
sainte-cecile-de-whitton	Sainte-Cécile-de-Whitton	611	2.3	1	0	nd	0	0	0
aumond	Aumond	612	2.3	1	0	1074	4	100	0
sainte-clotilde-de-beauce	Sainte-Clotilde-de-Beauce	613	2.3	1	0	nd	0	0	0
lac-sergent	Lac-Sergent	614	2.3	1	0	724	4	100	0
east-broughton	East Broughton	615	2.3	1	0	1279	4	100	0
sacre-coeur-de-jesus	Sacré-Coeur-de-Jésus	616	2.3	1	0	nd	4	100	0
lac-megantic	Lac-Mégantic	617	none	0	0	3320	nd	nd	0
blue-sea	Blue Sea	618	2.3	1	0	2316	3	0	0
saint-narcisse-de-beaurivage	Saint-Narcisse-de-Beaurivage	619	2.3	1	0	nd	0	0	0
sainte-anne-du-lac	Sainte-Anne-du-Lac	620	2.3	1	0	nd	2	100	0
maniwaki	Maniwaki	621	2.3	1	0	nd	3	0	0
messines	Messines	622	2.3	1	0	nd	4	100	0
la-guadeloupe	La Guadeloupe	623	2.3	1	0	1137	0	0	0
saint-raymond	Saint-Raymond	624	2.3	1	nd	nd	11	91	0
ferme-neuve	Ferme-Neuve	625	2.3	1	0	116	8	75	0
sainte-catherine-de-la-jacques-cartier	Sainte-Catherine-de-la-Jacques-Cartier	626	2.3	1	0	nd	9	100	0
alleyn-et-cawood	Alleyn-et-Cawood	627	2.3	1	0	892	2	100	0
saint-augustin-de-desmaures	Saint-Augustin-de-Desmaures	628	2.3	1	0	nd	4	100	0
saint-augustin-de-woburn	Saint-Augustin-de-Woburn	629	2.3	1	0	nd	0	0	0
saint-ephrem-de-beauce	Saint-Éphrem-de-Beauce	630	2.3	1	0	nd	0	0	0
egan-sud	Egan-Sud	631	2.3	1	0	597	4	25	0
lac-drolet	Lac-Drolet	632	2.3	1	0	1242	0	0	0
saint-severin-beauce-centre	Saint-Séverin	633	2.3	1	0	0	0	0	0
saint-hilaire-de-dorset	Saint-Hilaire-de-Dorset	634	2.3	1	0	nd	0	0	0
fossambault-sur-le-lac	Fossambault-sur-le-Lac	635	2.3	1	0	2115	3	100	0
saint-bernard	Saint-Bernard	636	2.3	1	nd	nd	5	100	0
frontenac	Frontenac	637	2.3	1	0	1339	2	100	0
tring-jonction	Tring-Jonction	638	2.3	1	0	nd	0	0	0
lac-saint-joseph	Lac-Saint-Joseph	639	2.3	1	0	550	2	100	0
saint-elzear-la-nouvelle-beauce	Saint-Elzéar	640	2.3	1	0	0	5	100	0
bois-franc	Bois-Franc	641	2.3	1	0	571	0	0	0
saint-lambert-de-lauzon	Saint-Lambert-de-Lauzon	642	2.3	1	0	nd	0	0	0
saint-victor	Saint-Victor	643	2.3	1	0	nd	3	100	0
saint-frederic	Saint-Frédéric	644	2.3	1	nd	nd	4	100	0
grand-remous	Grand-Remous	645	2.2	0	0	1104	331	0	0
saint-jules	Saint-Jules	646	2.3	1	0	nd	0	0	0
cayamant	Cayamant	647	2.3	1	0	nd	2	100	0
shannon	Shannon	648	2.3	1	0	nd	16	38	0
saint-honore-de-shenley	Saint-Honoré-de-Shenley	649	2.3	1	0	nd	6	50	0
audet	Audet	650	none	0	0	759	nd	nd	0
scott	Scott	651	2.3	1	0	nd	6	100	0
lac-poulin	Lac-Poulin	652	none	0	0	263	nd	nd	0
lancienne-lorette	L'Ancienne-Lorette	653	2.3	1	0	6188	0	0	0
sainte-marie	Sainte-Marie	654	2.3	1	nd	nd	0	0	0
saint-benoit-labre	Saint-Benoît-Labre	655	2.3	1	0	nd	8	100	0
levis	Lévis	656	2.3	1	nd	30225	7	100	0
saint-joseph-des-erables	Saint-Joseph-des-Érables	657	2.3	1	0	nd	0	0	0
thorne	Thorne	658	2.3	1	0	nd	3	100	0
saint-alfred	Saint-Alfred	659	2.3	1	0	nd	0	0	0
saint-isidore-la-nouvelle-beauce	Saint-Isidore	660	2.3	1	0	0	0	0	0
vallee-jonction	Vallée-Jonction	661	2.3	1	0	nd	0	0	0
bristol	Bristol	662	none	0	0	1468	nd	nd	0
saint-ludger	Saint-Ludger	663	2.3	1	0	nd	1	100	0
shawville	Shawville	664	2.3	1	0	nd	0	0	0
montcerf-lytton	Montcerf-Lytton	665	2.3	1	0	nd	1	0	0
quebec	Québec	666	none	0	nd	nd	nd	nd	0
saint-gabriel-de-valcartier	Saint-Gabriel-de-Valcartier	667	2.3	1	0	nd	1	0	0
otter-lake	Otter Lake	668	2.3	1	0	nd	4	100	0
clarendon	Clarendon	669	2.3	1	0	1077	42	100	0
sainte-henedine	Sainte-Hénédine	670	2.3	1	0	nd	2	100	0
saint-gedeon-de-beauce	Saint-Gédéon-de-Beauce	671	2.3	1	0	nd	0	0	0
saint-joseph-de-beauce	Saint-Joseph-de-Beauce	672	2.3	1	0	nd	7	100	0
saints-anges	Saints-Anges	673	2.3	1	0	nd	5	100	0
notre-dame-des-anges	Notre-Dame-des-Anges	674	none	0	0	nd	nd	nd	0
beauceville	Beauceville	675	2.3	1	0	5045	5	100	0
saint-martin	Saint-Martin	676	2.3	1	nd	nd	0	0	0
sainte-marguerite	Sainte-Marguerite	677	2.3	1	0	nd	4	100	0
lac-delage	Lac-Delage	678	none	0	0	436	nd	nd	0
notre-dame-des-pins	Notre-Dame-des-Pins	679	none	0	0	nd	nd	nd	0
saint-georges	Saint-Georges	680	2.3	1	0	nd	7	100	0
saint-henri	Saint-Henri	681	2.3	1	nd	nd	5	100	0
saint-anselme	Saint-Anselme	682	2.3	1	nd	nd	0	0	0
saint-rene	Saint-René	683	2.3	1	0	nd	1	0	0
litchfield	Litchfield	684	2.3	1	0	839	1	100	0
campbells-bay	Campbell's Bay	685	2.3	1	0	nd	8	100	0
saint-robert-bellarmin	Saint-Robert-Bellarmin	686	2.3	1	0	nd	2	0	0
bryson	Bryson	687	none	0	0	520	nd	nd	0
la-bostonnais	La Bostonnais	688	2.3	1	0	707	0	0	0
saint-simon-les-mines	Saint-Simon-les-Mines	689	2.3	1	0	nd	0	0	0
frampton	Frampton	690	2.3	1	0	1545	0	0	0
lac-beauport	Lac-Beauport	691	2.3	1	0	nd	0	0	0
sainte-petronille	Sainte-Pétronille	692	2.3	1	0	nd	3	0	0
portage-du-fort	Portage-du-Fort	693	2.3	1	0	nd	4	50	0
sainte-claire	Sainte-Claire	694	2.3	1	nd	nd	5	100	0
honfleur	Honfleur	695	none	0	nd	923	nd	nd	0
boischatel	Boischatel	696	2.3	1	nd	4077	5	100	0
saint-odilon-de-cranbourne	Saint-Odilon-de-Cranbourne	697	2.3	1	0	nd	4	100	0
lile-du-grand-calumet	L'Île-du-Grand-Calumet	698	2.3	1	0	805	0	0	0
saint-philibert	Saint-Philibert	699	2.3	1	0	nd	2	0	0
saint-come-liniere	Saint-Come-Liniere	700	2.3	1	0	nd	9	100	0
stoneham-et-tewkesbury	Stoneham-et-Tewkesbury	701	2.3	1	0	nd	5	100	0
saint-charles-de-bellechasse	Saint-Charles-de-Bellechasse	702	2.3	1	nd	nd	0	0	0
saint-benjamin	Saint-Benjamin	703	2.3	1	0	nd	0	0	0
saint-malachie	Saint-Malachie	704	2.3	1	nd	nd	0	0	0
beaumont	Beaumont	705	none	0	nd	2215	nd	nd	0
lange-gardien-la-cote-de-beaupre	L'Ange-Gardien	706	2.3	1	0	0	0	0	0
saint-pierre-de-lile-dorleans	Saint-Pierre-de-l'Île-d'Orléans	707	2.3	1	0	nd	0	0	0
saint-gervais	Saint-Gervais	708	2.3	1	nd	nd	0	0	0
saint-laurent-de-lile-dorleans	Saint-Laurent-de-l'Île-d'Orléans	709	2.3	1	0	nd	5	100	0
fort-coulonge	Fort-Coulonge	710	none	0	nd	nd	nd	nd	0
saint-theophile	Saint-Théophile	711	2.3	1	0	nd	0	0	0
sainte-brigitte-de-laval	Sainte-Brigitte-de-Laval	712	2.3	1	0	nd	8	100	0
saint-lazare-de-bellechasse	Saint-Lazare-de-Bellechasse	713	2.3	1	nd	nd	2	0	0
mansfield-et-pontefract	Mansfield-et-Pontefract	714	none	0	0	nd	nd	nd	0
saint-prosper	Saint-Prosper	715	2.3	1	nd	nd	2	100	0
saint-leon-de-standon	Saint-Léon-de-Standon	716	2.3	1	nd	nd	0	0	0
saint-nazaire-de-dorchester	Saint-Nazaire-de-Dorchester	717	2.3	1	nd	nd	0	0	0
lac-edouard	Lac-Édouard	718	2.3	1	0	490	2	100	0
la-durantaye	La Durantaye	719	none	0	nd	1011	nd	nd	0
saint-michel-de-bellechasse	Saint-Michel-de-Bellechasse	720	2.3	1	nd	nd	0	0	0
chateau-richer	Château-Richer	721	none	0	nd	nd	nd	nd	0
lac-etchemin	Lac-Etchemin	722	2.3	1	0	3450	8	50	0
saint-damien-de-buckland	Saint-Damien-de-Buckland	723	2.3	1	nd	nd	6	100	0
saint-neree-de-bellechasse	Saint-Nérée-de-Bellechasse	724	2.3	1	nd	nd	0	0	0
saint-zacharie	Saint-Zacharie	725	2.3	1	0	nd	0	0	0
sainte-famille-de-lile-dorleans	Sainte-Famille-de-l'Île-d'Orléans	726	2.3	1	0	nd	0	0	0
sainte-rose-de-watford	Sainte-Rose-de-Watford	727	2.3	1	0	nd	0	0	0
sainte-aurelie	Sainte-Aurélie	728	2.3	1	0	nd	0	0	0
saint-jean-de-lile-dorleans	Saint-Jean-de-l'Île-d'Orléans	729	2.3	1	0	nd	0	0	0
saint-raphael	Saint-Raphaël	730	2.3	1	nd	nd	7	100	0
saint-vallier	Saint-Vallier	731	2.3	1	nd	nd	0	0	0
notre-dame-auxiliatrice-de-buckland	Notre-Dame-Auxiliatrice-de-Buckland	732	none	0	nd	nd	nd	nd	0
saint-luc-de-bellechasse	Saint-Luc-de-Bellechasse	733	2.3	1	0	nd	0	0	0
sainte-anne-de-beaupre	Sainte-Anne-de-Beaupré	734	2.3	1	nd	nd	0	0	0
saint-louis-de-gonzague-les-etchemins	Saint-Louis-de-Gonzague	735	2.3	1	0	0	2	100	0
waltham	Waltham	736	2.3	1	0	nd	0	0	0
beaupre	Beaupré	737	2.3	1	nd	2933	123	72	0
saint-francois-de-la-riviere-du-sud	Saint-François-de-la-Rivière-du-Sud	738	2.3	1	0	nd	4	100	0
sainte-justine	Sainte-Justine	739	2.3	1	0	nd	0	0	0
armagh	Armagh	740	2.3	1	nd	1549	8	12	0
berthier-sur-mer	Berthier-sur-Mer	741	2.3	1	0	1469	2	100	0
saint-francois-de-lile-dorleans	Saint-François-de-l'Île-d'Orléans	742	2.3	1	0	nd	0	0	0
sainte-sabine-les-etchemins	Sainte-Sabine	743	2.3	1	0	0	5	100	0
lisle-aux-allumettes	L'Isle-aux-Allumettes	744	none	0	0	1753	nd	nd	0
saint-cyprien-les-etchemins	Saint-Cyprien	745	2.3	1	0	0	0	0	0
saint-philemon	Saint-Philémon	746	2.3	1	nd	nd	0	0	0
saint-louis-de-gonzague-du-cap-tourmente	Saint-Louis-de-Gonzague-du-Cap-Tourmente	747	2.3	1	nd	nd	0	0	0
saint-pierre-de-la-riviere-du-sud	Saint-Pierre-de-la-Rivière-du-Sud	748	2.3	1	0	nd	0	0	0
saint-ferreol-les-neiges	Saint-Ferréol-les-Neiges	749	2.3	1	nd	nd	5	40	0
saint-joachim	Saint-Joachim	750	2.3	1	nd	nd	0	0	0
sainte-euphemie-sur-riviere-du-sud	Sainte-Euphémie-sur-Rivière-du-Sud	751	2.3	1	0	nd	0	0	0
saint-magloire	Saint-Magloire	752	2.3	1	nd	nd	4	100	0
chichester	Chichester	753	none	0	0	nd	nd	nd	0
montmagny	Montmagny	754	2.3	1	0	nd	13	100	0
saint-camille-de-lellis	Saint-Camille-de-Lellis	755	2.3	1	0	nd	0	0	0
saint-paul-de-montminy	Saint-Paul-de-Montminy	756	2.3	1	0	nd	2	100	0
saint-tite-des-caps	Saint-Tite-des-Caps	757	2.3	1	nd	nd	5	100	0
notre-dame-du-rosaire	Notre-Dame-du-Rosaire	758	2.3	1	0	nd	6	100	0
la-tuque	La Tuque	759	2.3	1	0	0	0	0	0
saint-antoine-de-lisle-aux-grues	Saint-Antoine-de-l'Isle-aux-Grues	760	2.3	1	0	nd	4	100	0
saint-just-de-bretenieres	Saint-Just-de-Bretenières	761	2.3	1	0	nd	2	100	0
saint-fabien-de-panet	Saint-Fabien-de-Panet	762	2.3	1	0	nd	6	100	0
cap-saint-ignace	Cap-Saint-Ignace	763	2.3	1	0	1708	2	0	0
sainte-apolline-de-patton	Sainte-Apolline-de-Patton	764	2.3	1	0	nd	2	100	0
sheenboro	Sheenboro	765	2.3	1	0	nd	0	0	0
lac-frontiere	Lac-Frontière	766	2.3	1	0	464	117	20	0
petite-riviere-saint-francois	Petite-Rivière-Saint-François	767	2.3	1	0	nd	7	100	0
sainte-lucie-de-beauregard	Sainte-Lucie-de-Beauregard	768	2.3	1	0	nd	2	100	0
lislet	L'Islet	769	2.3	1	0	3800	22	95	0
saint-cyrille-de-lessard	Saint-Cyrille-de-Lessard	770	2.3	1	0	nd	0	0	0
baie-saint-paul	Baie-Saint-Paul	771	2.3	1	0	895	11	27	0
saint-marcel	Saint-Marcel	772	2.3	1	nd	nd	0	0	0
lac-bouchette	Lac-Bouchette	773	2.3	1	0	499	6	100	0
saint-adalbert	Saint-Adalbert	774	2.3	1	0	nd	0	0	0
saint-jean-port-joli	Saint-Jean-Port-Joli	775	2.3	1	0	nd	6	100	0
saint-aubert	Saint-Aubert	776	2.3	1	0	nd	6	100	0
lisle-aux-coudres	L'Isle-aux-Coudres	777	2.3	1	0	2084	1	100	0
sainte-felicite-lislet	Sainte-Félicité	778	2.3	1	0	0	0	0	0
saint-urbain	Saint-Urbain	779	2.3	1	0	nd	0	0	0
tourville	Tourville	780	2.3	1	0	nd	0	0	0
saint-roch-des-aulnaies	Saint-Roch-des-Aulnaies	781	2.3	1	0	nd	0	0	0
saint-damase-de-lislet	Saint-Damase-de-L'Islet	782	2.3	1	0	nd	2	100	0
sainte-louise	Sainte-Louise	783	2.3	1	0	nd	0	0	0
saint-francois-de-sales	Saint-François-de-Sales	784	2.3	1	0	nd	2	100	0
saint-pamphile	Saint-Pamphile	785	2.3	1	0	nd	2	100	0
rapides-des-joachims	Rapides-des-Joachims	786	none	0	0	nd	nd	nd	0
sainte-perpetue-lislet	Sainte-Perpétue	787	2.3	1	0	0	2	100	0
les-eboulements	Les Éboulements	788	2.3	1	0	2100	11	100	0
sainte-hedwidge	Sainte-Hedwidge	789	2.3	1	0	nd	0	0	0
saint-hilarion	Saint-Hilarion	790	2.3	1	0	nd	3	100	0
saint-andre-du-lac-saint-jean	Saint-André-du-Lac-Saint-Jean	791	2.3	1	0	nd	2	100	0
notre-dame-des-monts	Notre-Dame-des-Monts	792	2.3	1	0	nd	5	20	0
la-pocatiere	La Pocatière	793	2.3	1	0	3567	7	100	0
saint-omer	Saint-Omer	794	2.3	1	0	nd	0	0	0
sainte-anne-de-la-pocatiere	Sainte-Anne-de-la-Pocatière	795	2.3	1	0	nd	0	0	0
saint-onesime-dixworth	Saint-Onésime-d'Ixworth	796	2.3	1	0	nd	0	0	0
saint-irenee	Saint-Irénée	797	2.3	1	0	nd	3	100	0
chambord	Chambord	798	none	0	0	nd	nd	nd	0
desbiens	Desbiens	799	2.3	1	0	827	4	100	0
metabetchouan-lac-a-la-croix	Métabetchouan-Lac-à-la-Croix	800	2.3	1	0	nd	0	0	0
roberval	Roberval	801	none	0	0	nd	nd	nd	0
saint-aime-des-lacs	Saint-Aimé-des-Lacs	802	2.3	1	0	nd	4	100	0
hebertville	Hébertville	803	2.3	1	0	2090	5	100	0
riviere-ouelle	Rivière-Ouelle	804	2.3	1	nd	nd	9	78	0
saint-pacome	Saint-Pacôme	805	2.3	1	nd	nd	0	0	0
saint-gabriel-lalemant	Saint-Gabriel-Lalemant	806	2.3	1	0	nd	2	100	0
clermont-charlevoix-est	Clermont	807	2.3	1	0	0	9	0	0
saint-prime	Saint-Prime	808	2.3	1	0	nd	4	100	0
saint-denis-de-la-bouteillerie	Saint-Denis-De La Bouteillerie	809	2.3	1	0	nd	3	100	0
saint-philippe-de-neri	Saint-Philippe-de-Néri	810	2.3	1	0	nd	3	100	0
mont-carmel	Mont-Carmel	811	2.3	1	0	nd	7	29	0
hebertville-station	Hébertville-Station	812	2.3	1	0	3635	4	100	0
ferland-et-boilleau	Ferland-et-Boilleau	813	2.3	1	0	519	8	100	0
la-malbaie	La Malbaie	814	none	0	0	3026	nd	nd	0
saint-gedeon	Saint-Gédéon	815	2.3	1	0	nd	0	0	0
saint-bruno	Saint-Bruno	816	2.3	1	nd	nd	4	100	0
kamouraska	Kamouraska	817	2.3	1	nd	858	2	100	0
larouche	Larouche	818	2.3	1	0	1407	4	100	0
la-dore	La Doré	819	2.3	1	0	1301	8	100	0
saint-felicien	Saint-Félicien	820	2.3	1	nd	nd	4	100	0
saint-pascal	Saint-Pascal	821	2.3	1	0	nd	0	0	0
saint-bruno-de-kamouraska	Saint-Bruno-de-Kamouraska	822	2.3	1	nd	nd	3	100	0
saguenay	Saguenay	823	2.3	1	nd	nd	5	100	0
saint-germain-de-kamouraska	Saint-Germain-de-Kamouraska	824	2.3	1	0	nd	0	0	0
alma	Alma	825	2.3	1	0	11838	6	0	0
saint-charles-de-bourget	Saint-Charles-de-Bourget	826	2.3	1	0	nd	3	67	0
sainte-helene-de-kamouraska	Sainte-Hélène-de-Kamouraska	827	2.3	1	0	nd	2	0	0
saint-nazaire	Saint-Nazaire	828	2.3	1	nd	nd	0	0	0
saint-henri-de-taillon	Saint-Henri-de-Taillon	829	2.3	1	0	nd	6	100	0
normandin	Normandin	830	2.3	1	nd	nd	5	100	0
lanse-saint-jean	L'Anse-Saint-Jean	831	2.3	1	0	301	3	100	0
saint-ambroise	Saint-Ambroise	832	2.3	1	nd	nd	3	0	0
saint-joseph-de-kamouraska	Saint-Joseph-de-Kamouraska	833	2.3	1	nd	nd	5	100	0
saint-athanase	Saint-Athanase	834	2.3	1	0	nd	2	100	0
saint-andre-de-kamouraska	Saint-André-de-Kamouraska	835	2.3	1	0	nd	2	100	0
saint-felix-dotis	Saint-Félix-d'Otis	836	2.3	1	0	nd	0	0	0
peribonka	Péribonka	837	none	0	0	nd	nd	nd	0
riviere-eternite	Rivière-Éternité	838	none	0	0	nd	nd	nd	0
lascension-de-notre-seigneur	L'Ascension-de-Notre-Seigneur	839	2.3	1	0	1794	11	91	0
dolbeau-mistassini	Dolbeau-Mistassini	840	2.3	1	0	3793	8	100	0
sainte-monique-lac-saint-jean-est	Sainte-Monique	841	2.3	1	0	0	2	100	0
saint-honore	Saint-Honoré	842	2.3	1	0	nd	6	100	0
saint-augustin-maria-chapdelaine	Saint-Augustin	843	2.3	1	0	0	0	0	0
saint-simeon-charlevoix-est	Saint-Siméon	844	2.3	1	0	0	2	100	0
saint-thomas-didyme	Saint-Thomas-Didyme	845	2.3	1	0	nd	2	100	0
saint-alexandre-de-kamouraska	Saint-Alexandre-de-Kamouraska	846	2.3	1	0	nd	0	0	0
labrecque	Labrecque	847	2.3	1	0	1415	8	100	0
albanel	Albanel	848	2.3	1	0	1531	3	33	0
saint-edmond-les-plaines	Saint-Edmond-les-Plaines	849	2.3	1	0	nd	2	100	0
notre-dame-du-portage	Notre-Dame-du-Portage	850	2.3	1	0	nd	5	60	0
saint-fulgence	Saint-Fulgence	851	2.3	1	0	nd	0	0	0
sainte-rose-du-nord	Sainte-Rose-du-Nord	852	2.3	1	0	nd	2	100	0
begin	Bégin	853	2.3	1	0	659	5	100	0
sainte-jeanne-darc-maria-chapdelaine	Sainte-Jeanne-d'Arc	854	2.3	1	0	0	2	0	0
pohenegamook	Pohénégamook	855	none	0	0	nd	nd	nd	0
saint-eugene-dargentenay	Saint-Eugène-d'Argentenay	856	2.3	1	0	nd	3	100	0
saint-david-de-falardeau	Saint-David-de-Falardeau	857	2.3	1	0	nd	4	100	0
girardville	Girardville	858	2.3	1	0	886	3	100	0
petit-saguenay	Petit-Saguenay	859	2.3	1	0	nd	5	100	0
lamarche	Lamarche	860	2.3	1	0	868	5	80	0
saint-ludger-de-milot	Saint-Ludger-de-Milot	861	2.3	1	0	nd	3	100	0
saint-antonin	Saint-Antonin	862	2.3	1	0	nd	2	100	0
riviere-du-loup	Rivière-du-Loup	863	2.3	1	0	nd	7	0	0
baie-sainte-catherine	Baie-Sainte-Catherine	864	2.3	1	0	317	0	0	0
saint-stanislas-maria-chapdelaine	Saint-Stanislas	865	2.3	1	0	0	2	100	0
riviere-bleue	Rivière-Bleue	866	2.3	1	0	nd	4	100	0
notre-dame-de-lorette	Notre-Dame-de-Lorette	867	2.3	1	0	nd	4	100	0
saint-modeste	Saint-Modeste	868	2.3	1	0	nd	1	100	0
cacouna	Cacouna	869	none	0	0	1264	nd	nd	0
saint-honore-de-temiscouata	Saint-Honoré-de-Témiscouata	870	2.3	1	0	nd	1	100	0
saint-elzear-de-temiscouata	Saint-Elzéar-de-Témiscouata	871	2.3	1	0	nd	0	0	0
saint-arsene	Saint-Arsène	872	2.3	1	0	nd	3	100	0
sacre-coeur	Sacré-Coeur	873	2.3	1	0	nd	4	100	0
saint-marc-du-lac-long	Saint-Marc-du-Lac-Long	874	2.3	1	0	0	0	0	0
val-dor	Val-d'Or	875	2.3	1	0	nd	5	100	0
saint-francois-xavier-de-viger	Saint-François-Xavier-de-Viger	876	2.3	1	0	nd	0	0	0
tadoussac	Tadoussac	877	2.3	1	0	nd	11	100	0
saint-epiphane	Saint-Épiphane	878	2.3	1	0	nd	0	0	0
saint-hubert-de-riviere-du-loup	Saint-Hubert-de-Rivière-du-Loup	879	2.3	1	0	nd	0	0	0
notre-dame-des-sept-douleurs	Notre-Dame-des-Sept-Douleurs	880	2.3	1	0	nd	3	100	0
saint-eusebe	Saint-Eusèbe	881	2.3	1	0	nd	3	100	0
saint-louis-du-ha-ha	Saint-Louis-du-Ha! Ha!	882	2.3	1	0	nd	0	0	0
senneterre-la-vallee-de-lor	Senneterre	883	2.3	1	0	0	1	100	0
packington	Packington	884	2.3	1	0	nd	4	100	0
senneterre-la-vallee-de-lor-2	Senneterre	885	2.3	1	0	0	0	0	0
lisle-verte	L'Isle-Verte	886	none	0	0	1387	nd	nd	0
saint-jean-de-la-lande	Saint-Jean-de-la-Lande	887	2.3	1	0	nd	0	0	0
saint-paul-de-la-croix	Saint-Paul-de-la-Croix	888	2.3	1	0	nd	0	0	0
temiscouata-sur-le-lac	Témiscouata-sur-le-Lac	889	2.3	1	0	nd	0	0	0
saint-pierre-de-lamy	Saint-Pierre-de-Lamy	890	2.3	1	0	nd	0	0	0
saint-clement	Saint-Clément	891	2.3	1	0	nd	0	0	0
les-bergeronnes	Les Bergeronnes	892	none	0	0	577	nd	nd	0
saint-eloi	Saint-Éloi	893	2.3	1	0	nd	0	0	0
belcourt	Belcourt	894	none	0	0	169	nd	nd	0
temiscaming	Témiscaming	895	2.3	1	0	nd	5	100	0
saint-cyprien-riviere-du-loup	Saint-Cyprien	896	2.3	1	0	0	3	0	0
saint-juste-du-lac	Saint-Juste-du-Lac	897	2.3	1	0	nd	0	0	0
kipawa	Kipawa	898	none	0	0	733	nd	nd	0
trois-pistoles	Trois-Pistoles	899	2.3	1	0	nd	0	0	0
notre-dame-des-neiges	Notre-Dame-des-Neiges	900	2.3	1	0	nd	8	88	0
saint-jean-de-dieu	Saint-Jean-de-Dieu	901	2.3	1	0	nd	0	0	0
belleterre	Belleterre	902	none	0	0	295	nd	nd	0
sainte-francoise-les-basques	Sainte-Françoise	903	2.3	1	0	0	0	0	0
sainte-rita	Sainte-Rita	904	2.3	1	0	nd	0	0	0
degelis	Dégelis	905	2.3	1	0	327	7	86	0
auclair	Auclair	906	2.3	1	0	541	3	0	0
barraute	Barraute	907	2.3	1	0	1428	3	100	0
champneuf	Champneuf	908	2.3	1	0	nd	5	80	0
laforce	Laforce	909	2.3	1	0	161	2	100	0
saint-michel-du-squatec	Saint-Michel-du-Squatec	910	2.3	1	0	nd	0	0	0
les-escoumins	Les Escoumins	911	2.3	1	0	165	3	100	0
malartic	Malartic	912	none	0	0	nd	nd	nd	0
la-corne	La Corne	913	2.3	1	0	328	6	67	0
saint-simon-de-rimouski	Saint-Simon-de-Rimouski	914	2.3	1	0	nd	6	0	0
saint-medard	Saint-Médard	915	2.3	1	0	nd	0	0	0
saint-mathieu-de-rioux	Saint-Mathieu-de-Rioux	916	2.3	1	0	nd	0	0	0
lejeune	Lejeune	917	2.3	1	0	355	2	100	0
riviere-heva	Rivière-Héva	918	2.3	1	0	nd	4	100	0
saint-guy	Saint-Guy	919	2.3	1	0	nd	0	0	0
lac-des-aigles	Lac-des-Aigles	920	2.3	1	0	826	2	100	0
latulipe-et-gaboury	Latulipe-et-Gaboury	921	2.3	1	0	415	2	100	0
bearn	Béarn	922	2.3	1	0	44	3	100	0
biencourt	Biencourt	923	2.3	1	0	613	2	100	0
moffet	Moffet	924	none	0	0	nd	nd	nd	0
la-morandiere-rochebaucourt	La Morandière-Rochebaucourt	925	2.3	1	0	286	0	0	0
longue-rive	Longue-Rive	926	2.3	1	0	786	4	100	0
la-motte	La Motte	927	2.3	1	0	557	3	100	0
lebel-sur-quevillon	Lebel-sur-Quévillon	928	2.3	1	0	1217	0	0	0
saint-fabien	Saint-Fabien	929	2.2	0	nd	nd	4	0	0
saint-marc-de-figuery	Saint-Marc-de-Figuery	930	2.2	0	0	nd	1	0	0
landrienne	Landrienne	931	none	0	0	858	nd	nd	0
saint-eugene-de-ladriere	Saint-Eugène-de-Ladrière	932	2.2	0	0	nd	1	0	0
esprit-saint	Esprit-Saint	933	2.3	1	0	nd	4	100	0
fugereville	Fugèreville	934	none	0	0	494	nd	nd	0
saint-mathieu-dharricana	Saint-Mathieu-d'Harricana	935	2.3	1	0	nd	0	0	0
amos	Amos	936	2.3	1	nd	515	8	38	0
saint-edouard-de-fabre	Saint-Édouard-de-Fabre	937	2.3	1	0	nd	0	0	0
portneuf-sur-mer	Portneuf-sur-Mer	938	none	0	0	nd	nd	nd	0
remigny	Rémigny	939	2.3	1	0	nd	2	100	0
laverlochere-angliers	Laverlochère-Angliers	940	2.3	1	0	512	3	100	0
chapais	Chapais	941	none	0	0	nd	nd	nd	0
preissac	Preissac	942	2.3	1	nd	nd	5	100	0
lorrainville	Lorrainville	943	2.3	1	0	1014	0	0	0
saint-valerien	Saint-Valérien	944	2.3	1	0	nd	3	100	0
la-trinite-des-monts	La Trinité-des-Monts	945	2.3	1	0	539	2	100	0
chibougamau	Chibougamau	946	2.3	1	0	nd	304	43	0
saint-felix-de-dalquier	Saint-Félix-de-Dalquier	947	2.3	1	0	nd	0	0	0
saint-narcisse-de-rimouski	Saint-Narcisse-de-Rimouski	948	2.3	1	0	nd	0	0	0
ville-marie	Ville-Marie	949	2.3	1	0	nd	3	100	0
forestville	Forestville	950	2.3	1	0	nd	4	100	0
rimouski	Rimouski	951	2.3	1	nd	nd	12	100	0
duhamel-ouest	Duhamel-Ouest	952	none	0	0	973	nd	nd	0
saint-eugene-de-guigues	Saint-Eugène-de-Guigues	953	2.3	1	0	nd	0	0	0
guerin	Guérin	954	none	0	0	689	nd	nd	0
rouyn-noranda	Rouyn-Noranda	955	2.3	1	nd	nd	6	50	0
saint-dominique-du-rosaire	Saint-Dominique-du-Rosaire	956	2.2	0	0	nd	1	0	0
sainte-gertrude-manneville	Sainte-Gertrude-Manneville	957	2.3	1	0	nd	2	0	0
trecesson	Trécesson	958	2.3	1	0	nd	2	100	0
saint-bruno-de-guigues	Saint-Bruno-de-Guigues	959	2.3	1	0	nd	2	0	0
notre-dame-du-nord	Notre-Dame-du-Nord	960	none	0	0	nd	nd	nd	0
nedelec	Nédélec	961	2.3	1	0	nd	3	100	0
saint-marcellin	Saint-Marcellin	962	2.3	1	0	nd	0	0	0
saint-anaclet-de-lessard	Saint-Anaclet-de-Lessard	963	2.3	1	0	nd	5	100	0
launay	Launay	964	2.3	1	0	327	3	100	0
colombier	Colombier	965	none	0	0	520	nd	nd	0
berry	Berry	966	2.3	1	0	194	1	100	0
sainte-luce	Sainte-Luce	967	2.3	1	0	nd	0	0	0
saint-gabriel-de-rimouski	Saint-Gabriel-de-Rimouski	968	2.3	1	0	nd	1	100	0
les-hauteurs	Les Hauteurs	969	none	0	nd	626	nd	nd	0
saint-donat-la-mitis	Saint-Donat	970	2.3	1	0	0	4	0	0
saint-charles-garnier	Saint-Charles-Garnier	971	2.3	1	0	nd	2	100	0
taschereau	Taschereau	972	2.3	1	0	nd	0	0	0
saint-joseph-de-lepage	Saint-Joseph-de-Lepage	973	2.3	1	0	nd	0	0	0
sainte-flavie	Sainte-Flavie	974	2.3	1	0	nd	0	0	0
mont-joli	Mont-Joli	975	2.3	1	0	nd	9	100	0
sainte-angele-de-merici	Sainte-Angèle-de-Mérici	976	2.3	1	0	nd	0	0	0
authier	Authier	977	2.3	1	0	508	4	100	0
sainte-jeanne-darc-la-mitis	Sainte-Jeanne-d'Arc	978	2.3	1	0	0	0	0	0
price	Price	979	none	0	0	nd	nd	nd	0
poularies	Poularies	980	2.3	1	0	nd	2	100	0
la-redemption	La Rédemption	981	2.3	1	0	652	6	100	0
duparquet	Duparquet	982	2.3	1	0	470	0	0	0
grand-metis	Grand-Métis	983	2.3	1	0	585	5	100	0
saint-octave-de-metis	Saint-Octave-de-Métis	984	2.3	1	0	nd	0	0	0
sainte-germaine-boule	Sainte-Germaine-Boulé	985	2.3	1	0	nd	0	0	0
padoue	Padoue	986	none	0	0	nd	nd	nd	0
metis-sur-mer	Métis-sur-Mer	987	2.3	1	0	nd	9	100	0
saint-moise	Saint-Moïse	988	2.3	1	0	nd	1	100	0
authier-nord	Authier-Nord	989	2.3	1	0	79	4	75	0
ragueneau	Ragueneau	990	2.3	1	0	nd	0	0	0
saint-zenon-du-lac-humqui	Saint-Zénon-du-Lac-Humqui	991	2.3	1	0	nd	0	0	0
macamic	Macamic	992	2.3	1	0	nd	5	100	0
lascension-de-patapedia	L'Ascension-de-Patapédia	993	none	0	nd	346	nd	nd	0
rapide-danseur	Rapide-Danseur	994	2.3	1	0	nd	0	0	0
palmarolle	Palmarolle	995	2.3	1	0	nd	10	100	0
saint-cleophas	Saint-Cléophas	996	2.3	1	0	nd	2	100	0
saint-noel	Saint-Noël	997	2.3	1	0	nd	2	0	0
gallichan	Gallichan	998	2.3	1	0	675	0	0	0
sainte-irene	Sainte-Irène	999	2.3	1	0	nd	0	0	0
chazel	Chazel	1000	2.3	1	0	nd	2	100	0
pointe-aux-outardes	Pointe-aux-Outardes	1001	2.3	1	0	nd	0	0	0
saint-leon-le-grand-la-matapedia	Saint-Léon-le-Grand	1002	2.3	1	0	0	4	100	0
saint-damase-la-matapedia	Saint-Damase	1003	2.3	1	0	0	3	0	0
baie-des-sables	Baie-des-Sables	1004	2.3	1	0	1112	271	26	0
saint-francois-dassise	Saint-François-d'Assise	1005	2.3	1	nd	nd	0	0	0
chute-aux-outardes	Chute-aux-Outardes	1006	none	0	0	nd	nd	nd	0
matagami	Matagami	1007	2.3	1	0	nd	5	20	0
sayabec	Sayabec	1008	2.3	1	0	nd	5	0	0
roquemaure	Roquemaure	1009	2.3	1	0	nd	0	0	0
sainte-helene-de-mancebourg	Sainte-Hélène-de-Mancebourg	1010	2.3	1	0	nd	0	0	0
la-sarre	La Sarre	1011	2.3	1	nd	4234	5	100	0
val-brillant	Val-Brillant	1012	2.3	1	0	nd	0	0	0
albertville	Albertville	1013	2.3	1	0	637	3	100	0
saint-alexis-de-matapedia	Saint-Alexis-de-Matapédia	1014	2.3	1	nd	nd	0	0	0
clermont-abitibi-ouest	Clermont	1015	2.3	1	0	0	2	100	0
pointe-lebel	Pointe-Lebel	1016	none	0	0	nd	nd	nd	0
val-saint-gilles	Val-Saint-Gilles	1017	2.3	1	0	nd	0	0	0
lac-au-saumon	Lac-au-Saumon	1018	2.3	1	0	nd	7	100	0
amqui	Amqui	1019	none	0	0	4191	nd	nd	0
sainte-florence	Sainte-Florence	1020	2.3	1	0	nd	0	0	0
clerval	Clerval	1021	2.3	1	0	673	3	100	0
saint-ulric	Saint-Ulric	1022	2.3	1	0	nd	0	0	0
matapedia	Matapédia	1023	none	0	nd	nd	nd	nd	0
dupuy	Dupuy	1024	2.3	1	0	936	4	100	0
saint-leandre	Saint-Léandre	1025	2.3	1	0	nd	0	0	0
saint-andre-de-restigouche	Saint-André-de-Restigouche	1026	2.3	1	nd	nd	0	0	0
sainte-paule	Sainte-Paule	1027	2.3	1	nd	nd	2	100	0
causapscal	Causapscal	1028	2.3	1	0	nd	11	73	0
baie-comeau	Baie-Comeau	1029	2.3	1	0	2443	5	40	0
saint-vianney	Saint-Vianney	1030	2.3	1	0	nd	0	0	0
saint-alexandre-des-lacs	Saint-Alexandre-des-Lacs	1031	2.3	1	0	nd	0	0	0
saint-tharcisius	Saint-Tharcisius	1032	2.3	1	0	nd	0	0	0
la-reine	La Reine	1033	none	0	0	1085	nd	nd	0
normetal	Normétal	1034	2.3	1	0	nd	5	100	0
sainte-marguerite-marie	Sainte-Marguerite-Marie	1035	2.3	1	0	nd	0	0	0
ristigouche-sud-est	Ristigouche-Sud-Est	1036	none	0	nd	nd	nd	nd	0
saint-lambert-abitibi-ouest	Saint-Lambert	1037	2.3	1	0	0	0	0	0
matane	Matane	1038	2.3	1	0	nd	8	50	0
saint-rene-de-matane	Saint-René-de-Matane	1039	2.3	1	0	nd	1	100	0
pointe-a-la-croix	Pointe-à-la-Croix	1040	none	0	nd	nd	nd	nd	0
saint-adelme	Saint-Adelme	1041	2.3	1	0	nd	0	0	0
sainte-felicite-la-matanie	Sainte-Félicité	1042	2.3	1	0	0	0	0	0
franquelin	Franquelin	1043	none	0	0	43	nd	nd	0
escuminac	Escuminac	1044	none	0	0	nd	nd	nd	0
saint-jean-de-cherbourg	Saint-Jean-de-Cherbourg	1045	2.3	1	0	nd	1	100	0
grosses-roches	Grosses-Roches	1046	2.3	1	0	790	4	75	0
nouvelle	Nouvelle	1047	2.3	1	nd	nd	6	100	0
godbout	Godbout	1048	2.3	1	0	377	4	50	0
les-mechins	Les Méchins	1049	none	0	0	190	nd	nd	0
carleton-sur-mer	Carleton-sur-Mer	1050	2.3	1	nd	nd	9	100	0
baie-trinite	Baie-Trinité	1051	2.3	1	0	411	2	100	0
maria	Maria	1052	none	0	nd	nd	nd	nd	0
cap-chat	Cap-Chat	1053	2.3	1	0	1982	8	100	0
cascapedia-saint-jules	Cascapedia-Saint-Jules	1054	none	0	0	1131	nd	nd	0
new-richmond	New Richmond	1055	none	0	0	nd	nd	nd	0
caplan	Caplan	1056	2.3	1	0	1753	2	100	0
sainte-anne-des-monts	Sainte-Anne-des-Monts	1057	2.3	1	0	nd	3	100	0
saint-alphonse	Saint-Alphonse	1058	2.3	1	nd	nd	2	100	0
saint-simeon-bonaventure	Saint-Siméon	1059	2.3	1	0	0	2	100	0
bonaventure	Bonaventure	1060	2.3	1	0	2932	9	56	0
port-cartier	Port-Cartier	1061	2.3	1	0	nd	10	90	0
saint-elzear-bonaventure	Saint-Elzéar	1062	2.3	1	0	0	2	100	0
new-carlisle	New Carlisle	1063	2.3	1	0	nd	4	100	0
la-martre	La Martre	1064	2.3	1	0	180	4	100	0
paspebiac	Paspébiac	1065	2.3	1	0	nd	6	100	0
marsoui	Marsoui	1066	2.3	1	0	nd	2	100	0
hope	Hope	1067	2.3	1	0	315	3	67	0
hope-town	Hope Town	1068	2.3	1	0	877	3	100	0
saint-godefroi	Saint-Godefroi	1069	2.3	1	0	nd	0	0	0
riviere-a-claude	Rivière-à-Claude	1070	2.3	1	0	nd	1	100	0
shigawake	Shigawake	1071	2.3	1	0	nd	0	0	0
mont-saint-pierre	Mont-Saint-Pierre	1072	2.3	1	0	nd	1	100	0
port-daniel-gascons	Port-Daniel-Gascons	1073	2.3	1	0	nd	5	100	0
murdochville	Murdochville	1074	2.3	1	0	nd	6	100	0
saint-maxime-du-mont-louis	Saint-Maxime-du-Mont-Louis	1075	2.3	1	0	nd	0	0	0
chandler	Chandler	1076	2.3	1	0	nd	7	100	0
sainte-madeleine-de-la-riviere-madeleine	Sainte-Madeleine-de-la-Rivière-Madeleine	1077	2.3	1	0	nd	0	0	0
grande-vallee	Grande-Vallée	1078	2.3	1	0	1059	5	0	0
grande-riviere	Grande-Rivière	1079	2.3	1	0	2718	5	60	0
petite-vallee	Petite-Vallée	1080	none	0	0	nd	nd	nd	0
sainte-therese-de-gaspe	Sainte-Thérèse-de-Gaspé	1081	2.3	1	nd	nd	0	0	0
cloridorme	Cloridorme	1082	2.3	1	0	749	0	0	0
eeyou-istchee-james-bay	Eeyou Istchee James Bay	1083	none	0	0	0	nd	nd	0
sept-iles	Sept-Îles	1084	2.3	1	0	nd	9	100	0
perce	Percé	1085	2.3	1	0	nd	0	0	0
gaspe	Gaspé	1086	2.3	1	0	1614	9	56	0
riviere-au-tonnerre	Rivière-au-Tonnerre	1087	2.3	1	0	nd	4	100	0
riviere-saint-jean	Rivière-Saint-Jean	1088	2.3	1	0	nd	4	100	0
longue-pointe-de-mingan	Longue-Pointe-de-Mingan	1089	none	0	0	39	nd	nd	0
lile-danticosti	L'Île-d'Anticosti	1090	2.3	1	0	0	3	100	0
les-iles-de-la-madeleine	Les Îles-de-la-Madeleine	1091	2.3	1	nd	3932	5	100	0
havre-saint-pierre	Havre-Saint-Pierre	1092	2.3	1	0	0	8	75	0
fermont	Fermont	1093	2.3	1	0	nd	7	86	0
grosse-ile	Grosse-Île	1094	none	0	0	760	nd	nd	0
baie-johan-beetz	Baie-Johan-Beetz	1095	none	0	0	133	nd	nd	0
aguanish	Aguanish	1096	2.3	1	0	0	2	50	0
natashquan	Natashquan	1097	2.3	1	0	nd	2	100	0
caniapiscau	Caniapiscau	1098	none	0	0	nd	nd	nd	0
schefferville	Schefferville	1099	2.3	1	0	nd	0	0	0
cote-nord-du-golfe-du-saint-laurent	Côte-Nord-du-Golfe-du-Saint-Laurent	1100	none	0	0	0	nd	nd	0
gros-mecatina	Gros-Mécatina	1101	none	0	0	11	nd	nd	0
saint-augustin-le-golfe-du-saint-laurent	Saint-Augustin	1102	2.3	1	0	0	0	0	0
bonne-esperance	Bonne-Espérance	1103	none	0	0	525	nd	nd	0
blanc-sablon	Blanc-Sablon	1104	2.3	1	0	169	0	0	0
